{"cameraMode":{"drawMode":0,"name":"Shaded","section":"Shading Mode"},"sceneLighting":true,"audioPlay":false,"sceneViewState":{"m_AlwaysRefresh":false,"showFog":true,"showSkybox":true,"showFlares":true,"showImageEffects":true,"showParticleSystems":true,"showVisualEffectGraphs":true,"m_FxEnabled":true},"in2DMode":false,"pivot":{"x":465.5484313964844,"y":31.32579231262207,"z":503.84112548828127},"rotation":{"x":0.003007452469319105,"y":0.9900916814804077,"z":-0.13933300971984864,"w":0.02110002376139164},"size":0.8660253882408142,"orthographic":false}