{"cameraMode":{"drawMode":0,"name":"Shaded","section":"Shading Mode"},"sceneLighting":true,"audioPlay":false,"sceneViewState":{"m_AlwaysRefresh":false,"showFog":true,"showSkybox":true,"showFlares":true,"showImageEffects":true,"showParticleSystems":true,"showVisualEffectGraphs":true,"m_FxEnabled":true},"in2DMode":false,"pivot":{"x":0.06853869557380676,"y":-0.6201440095901489,"z":0.10573244094848633},"rotation":{"x":-0.009433766826987267,"y":0.9821791052818298,"z":-0.18056358397006989,"w":-0.051315486431121829},"size":0.8660253882408142,"orthographic":false}