{"cameraMode":{"drawMode":0,"name":"Shaded","section":"Shading Mode"},"sceneLighting":true,"audioPlay":false,"sceneViewState":{"m_AlwaysRefresh":false,"showFog":true,"showSkybox":true,"showFlares":true,"showImageEffects":true,"showParticleSystems":true,"showVisualEffectGraphs":true,"m_FxEnabled":true},"in2DMode":false,"pivot":{"x":846.6914672851563,"y":105.81114196777344,"z":825.9693603515625},"rotation":{"x":-0.11695694178342819,"y":-0.03813078626990318,"z":0.0044906409457325939,"w":-0.9924104809761047},"size":759.1768188476563,"orthographic":false}