{"cameraMode":{"drawMode":0,"name":"Shaded","section":"Shading Mode"},"sceneLighting":true,"audioPlay":false,"sceneViewState":{"m_AlwaysRefresh":false,"showFog":true,"showSkybox":true,"showFlares":true,"showImageEffects":true,"showParticleSystems":true,"showVisualEffectGraphs":true,"m_FxEnabled":true},"in2DMode":false,"pivot":{"x":25.430055618286134,"y":6.73531436920166,"z":31.408790588378908},"rotation":{"x":0.02189689502120018,"y":0.004471997730433941,"z":-0.00042404470150358975,"w":0.999869167804718},"size":1.4438292980194092,"orthographic":false}