{"cameraMode":{"drawMode":0,"name":"Shaded","section":"Shading Mode"},"sceneLighting":false,"audioPlay":false,"sceneViewState":{"m_AlwaysRefresh":false,"showFog":true,"showSkybox":false,"showFlares":true,"showImageEffects":true,"showParticleSystems":true,"showVisualEffectGraphs":true,"m_FxEnabled":true},"in2DMode":false,"pivot":{"x":-5.687872886657715,"y":4.148449420928955,"z":-35.38175582885742},"rotation":{"x":0.011775334365665913,"y":-0.9588366150856018,"z":0.2812589406967163,"w":0.041909389197826388},"size":0.6000182628631592,"orthographic":false}